elapsed_s,time,pid,cpu_pct,pss_mb,rss_mb,threads,battery_pct,battery_temp_c,state
0,21:10:58,,,,,,,,NOT_RUNNING
1,21:10:59,,,,,,,,NOT_RUNNING
2,21:11:00,8272,120,122.6,135.8,17,100,35.1,ACTIVE
4,21:11:02,8272,103,291.8,332.9,27,100,35.1,ACTIVE
6,21:11:04,8272,100,291.8,345.3,27,100,35.1,ACTIVE
7,21:11:05,8272,203,368.9,372.2,35,100,35.1,ACTIVE
9,21:11:07,8272,126,372.6,371.3,29,100,35.1,ACTIVE
10,21:11:08,8272,123,373.3,368.0,29,100,35.1,ACTIVE
12,21:11:10,8272,113,372.4,364.3,29,100,35.1,ACTIVE
14,21:11:12,8272,187,354.2,376.7,29,100,35.1,ACTIVE
16,21:11:14,8272,220,371.7,372.4,29,100,35.2,ACTIVE
18,21:11:16,8272,196,371.8,368.7,29,100,35.2,ACTIVE
20,21:11:18,8272,138,372.6,376.5,36,100,35.2,ACTIVE
22,21:11:20,8272,141,373.6,368.7,36,100,35.2,ACTIVE
24,21:11:22,8272,146,373.6,364.7,36,100,35.2,ACTIVE
26,21:11:24,8272,150,373.7,361.3,36,100,35.2,ACTIVE
28,21:11:26,8272,143,373.8,357.0,36,100,35.2,ACTIVE
29,21:11:27,8272,132,374.0,352.8,36,100,35.3,ACTIVE
31,21:11:29,8272,146,373.9,348.3,36,100,35.3,ACTIVE
33,21:11:31,8272,150,374.0,372.9,36,100,35.3,ACTIVE
35,21:11:33,8272,132,374.0,368.6,36,100,35.3,ACTIVE
37,21:11:35,8272,137,356.4,364.2,36,100,35.3,ACTIVE
39,21:11:37,8272,140,374.1,359.8,36,100,35.3,ACTIVE
41,21:11:39,8272,138,356.2,355.3,36,100,35.3,ACTIVE
43,21:11:41,8272,137,374.1,372.9,36,100,35.4,ACTIVE
45,21:11:43,8272,141,374.1,368.3,36,100,35.4,ACTIVE
47,21:11:45,8272,141,373.9,363.9,36,100,35.4,ACTIVE
49,21:11:47,8272,146,374.0,359.6,36,100,35.4,ACTIVE
51,21:11:49,8272,141,373.9,355.2,36,100,35.4,ACTIVE
53,21:11:51,8272,135,395.5,373.8,38,100,35.4,ACTIVE
55,21:11:53,8272,141,361.1,378.2,40,100,35.4,ACTIVE
57,21:11:55,8272,143,378.4,373.6,38,100,35.5,ACTIVE
59,21:11:57,8272,132,378.3,369.1,38,100,35.5,ACTIVE
61,21:11:59,8272,141,378.4,364.9,38,100,35.5,ACTIVE
63,21:12:01,8272,138,378.9,360.8,38,100,35.5,ACTIVE
65,21:12:03,8272,146,378.6,378.1,38,100,35.6,ACTIVE
66,21:12:04,8272,153,378.6,379.1,38,100,35.6,ACTIVE
68,21:12:06,8272,132,378.6,374.6,38,100,35.6,ACTIVE
70,21:12:08,8272,143,378.8,370.4,38,100,35.7,ACTIVE
72,21:12:10,8272,158,381.6,365.9,38,100,35.7,ACTIVE
74,21:12:12,8272,288,409.3,366.9,41,100,35.7,ACTIVE
76,21:12:14,8272,138,409.6,376.4,41,100,35.7,ACTIVE
78,21:12:16,8272,150,409.5,398.0,38,100,35.7,ACTIVE
80,21:12:18,8272,150,409.3,393.6,36,100,35.7,ACTIVE
82,21:12:20,8272,cached,409.4,389.2,36,100,35.7,ACTIVE
84,21:12:22,8272,138,409.3,384.9,36,100,35.8,ACTIVE
86,21:12:24,8272,143,408.9,403.1,36,100,35.8,ACTIVE
88,21:12:26,8272,135,409.2,393.6,36,100,35.8,ACTIVE
90,21:12:28,8272,150,409.1,389.4,36,100,35.8,ACTIVE
92,21:12:30,8272,145,409.1,385.0,36,100,35.8,ACTIVE
94,21:12:32,8272,144,391.6,381.0,36,100,35.8,ACTIVE
96,21:12:34,8272,138,409.4,376.7,36,100,35.8,ACTIVE
98,21:12:36,8272,134,409.5,397.7,36,100,35.9,ACTIVE
100,21:12:38,8272,130,428.7,400.9,36,100,35.9,ACTIVE
102,21:12:40,8272,106,390.6,371.3,36,100,35.9,ACTIVE
104,21:12:42,8272,129,419.6,420.9,36,100,35.9,ACTIVE
105,21:12:43,8272,148,419.7,418.0,36,100,35.9,ACTIVE
107,21:12:45,8272,138,419.8,422.0,36,100,35.9,ACTIVE
109,21:12:47,8272,140,419.9,418.0,36,100,35.9,ACTIVE
111,21:12:49,8272,132,419.9,413.7,36,100,35.9,ACTIVE
113,21:12:51,8272,145,402.3,420.5,36,100,35.9,ACTIVE
115,21:12:53,8272,148,419.9,416.3,36,100,35.9,ACTIVE
117,21:12:55,8272,146,419.6,412.0,36,100,35.9,ACTIVE
119,21:12:57,8272,316,492.1,424.9,36,100,36.0,ACTIVE
122,21:13:00,8272,241,884.2,663.7,37,100,36.0,ACTIVE
125,21:13:03,8272,200,1536.7,1411.0,37,100,36.1,ACTIVE
128,21:13:06,8272,240,1618.8,1229.0,38,100,36.1,ACTIVE
131,21:13:09,8272,370,2239.8,2219.0,38,100,36.2,ACTIVE
135,21:13:13,8272,240,2270.9,2181.3,39,100,36.2,ACTIVE
138,21:13:16,8272,109,2271.7,2201.1,39,100,36.2,ACTIVE
141,21:13:19,8272,141,2271.7,2195.2,38,100,36.2,ACTIVE
144,21:13:22,8272,153,2271.3,2189.6,38,100,36.2,ACTIVE
146,21:13:24,8272,140,2271.5,2184.4,38,100,36.3,ACTIVE
149,21:13:27,8272,138,2271.2,2178.8,38,100,36.3,ACTIVE
152,21:13:30,8272,146,2271.1,2198.5,38,100,36.3,ACTIVE
155,21:13:33,8272,148,2271.3,2193.1,38,100,36.4,ACTIVE
157,21:13:35,8272,154,2271.4,2187.8,38,100,36.4,ACTIVE
160,21:13:38,8272,138,2271.4,2182.5,38,100,36.5,ACTIVE
163,21:13:41,8272,135,2271.3,2176.9,38,100,36.5,ACTIVE
165,21:13:43,8272,137,2271.5,2199.4,38,100,36.5,ACTIVE
168,21:13:46,8272,150,2271.4,2198.2,38,100,36.6,ACTIVE
171,21:13:49,8272,153,2271.4,2192.9,38,100,36.6,ACTIVE
174,21:13:52,8272,153,2271.3,2187.4,38,100,36.6,ACTIVE
176,21:13:54,8272,146,2271.4,2182.2,38,100,36.6,ACTIVE
179,21:13:57,8272,203,2280.9,2198.2,38,100,36.7,ACTIVE
182,21:14:00,8272,148,2292.1,2208.9,39,100,36.7,ACTIVE
185,21:14:03,8272,148,2286.1,2202.8,38,100,36.7,ACTIVE
188,21:14:06,8272,153,2285.5,2197.2,38,100,36.7,ACTIVE
191,21:14:09,8272,141,2285.7,2191.8,38,100,36.7,ACTIVE
193,21:14:11,8272,150,2268.0,2208.7,38,100,36.8,ACTIVE
196,21:14:14,8272,116,2285.5,2203.3,38,100,36.8,ACTIVE
199,21:14:17,8272,150,2285.5,2198.0,38,100,36.8,ACTIVE
202,21:14:20,8272,146,2285.3,2192.6,38,100,36.9,ACTIVE
204,21:14:22,8272,150,2285.8,2187.5,38,100,36.9,ACTIVE
207,21:14:25,8272,150,2285.5,2208.6,38,100,36.9,ACTIVE
210,21:14:28,8272,145,2285.6,2203.4,38,100,36.9,ACTIVE
212,21:14:30,8272,141,2285.6,2198.1,38,100,36.9,ACTIVE
215,21:14:33,8272,138,2285.7,2209.0,38,100,36.9,ACTIVE
218,21:14:36,8272,146,2267.8,2203.4,38,100,36.9,ACTIVE
220,21:14:38,8272,150,2285.6,2198.3,38,100,37.0,ACTIVE
223,21:14:41,8272,137,2285.7,2193.1,38,100,37.0,ACTIVE
226,21:14:44,8272,151,2285.7,2187.7,38,100,37.0,ACTIVE
229,21:14:47,8272,141,2285.5,2182.4,38,100,37.0,ACTIVE
231,21:14:49,8272,141,2285.9,2208.9,38,100,37.0,ACTIVE
234,21:14:52,8272,135,2285.8,2203.4,38,100,37.1,ACTIVE
237,21:14:55,8272,143,2285.6,2197.9,38,100,37.1,ACTIVE
239,21:14:57,8272,193,548.4,2192.6,38,100,37.1,ACTIVE
242,21:15:00,8272,143,433.0,359.7,36,100,37.1,ACTIVE
243,21:15:01,8272,154,267.6,349.1,36,100,37.1,ACTIVE
245,21:15:03,8272,143,263.0,197.1,35,100,37.1,ACTIVE
247,21:15:05,8272,buffers,263.0,192.6,35,100,37.1,ACTIVE
249,21:15:07,8272,146,262.9,188.6,35,100,37.2,ACTIVE
251,21:15:09,8272,153,263.4,184.6,35,100,37.2,ACTIVE
253,21:15:11,8272,141,263.1,179.9,35,100,37.2,ACTIVE
255,21:15:13,8272,141,263.4,175.7,35,100,37.3,ACTIVE
257,21:15:15,8272,143,263.1,194.4,35,100,37.3,ACTIVE
259,21:15:17,8272,143,263.1,190.1,35,100,37.3,ACTIVE
261,21:15:19,8272,150,245.7,185.8,35,100,37.3,ACTIVE
263,21:15:21,8272,141,263.1,181.4,35,100,37.3,ACTIVE
265,21:15:23,8272,140,263.3,194.4,35,100,37.3,ACTIVE
267,21:15:25,8272,150,263.4,190.0,35,100,37.3,ACTIVE
269,21:15:27,8272,151,263.0,190.8,35,100,37.3,ACTIVE
270,21:15:28,8272,143,263.5,181.6,35,100,37.3,ACTIVE
272,21:15:30,8272,145,263.0,194.3,35,100,37.3,ACTIVE
274,21:15:32,8272,144,263.1,195.7,35,100,37.3,ACTIVE
276,21:15:34,8272,148,263.4,191.4,35,100,37.3,ACTIVE
278,21:15:36,8272,141,263.5,187.3,35,100,37.3,ACTIVE
280,21:15:38,8272,136,263.4,182.8,35,100,37.3,ACTIVE
282,21:15:40,8272,141,263.1,178.2,35,100,37.4,ACTIVE
284,21:15:42,8272,138,245.3,174.1,35,100,37.4,ACTIVE
286,21:15:44,8272,166,276.5,195.1,35,100,37.4,ACTIVE
288,21:15:46,8272,315,501.5,342.5,35,100,37.4,ACTIVE
291,21:15:49,8272,229,1266.7,1008.6,37,100,37.4,ACTIVE
294,21:15:52,8272,225,1944.7,1768.1,37,100,37.4,ACTIVE
297,21:15:55,8272,229,2262.7,2217.2,39,100,37.5,ACTIVE
300,21:15:58,8272,351,2265.6,2192.4,39,100,37.5,ACTIVE
303,21:16:01,8272,150,2268.1,2202.0,39,100,37.5,ACTIVE
306,21:16:04,8272,156,2266.9,2205.4,38,100,37.5,ACTIVE
309,21:16:07,8272,140,2266.5,2200.0,38,100,37.5,ACTIVE
311,21:16:09,8272,141,2266.7,2194.8,38,100,37.5,ACTIVE
314,21:16:12,8272,145,2266.7,2189.4,38,100,37.5,ACTIVE
317,21:16:15,8272,141,2266.7,2183.8,38,100,37.6,ACTIVE
320,21:16:18,8272,150,2266.7,2209.1,38,100,37.6,ACTIVE
322,21:16:20,8272,141,2266.8,2203.7,38,100,37.6,ACTIVE
325,21:16:23,8272,150,2293.5,2212.8,38,100,37.6,ACTIVE
328,21:16:26,8272,96.6,2228.2,2164.7,38,100,37.6,ACTIVE
331,21:16:29,8272,156,2259.4,2215.0,38,100,37.7,ACTIVE
334,21:16:32,8272,153,2262.5,2212.7,38,100,37.7,ACTIVE
337,21:16:35,8272,341,2296.4,2253.8,39,100,37.7,ACTIVE
340,21:16:38,8272,153,2297.9,2267.0,39,100,37.8,ACTIVE
343,21:16:41,8272,150,2296.4,2260.5,38,100,37.8,ACTIVE
345,21:16:43,8272,151,2296.5,2281.5,38,100,37.8,ACTIVE
348,21:16:46,8272,141,2296.6,2275.8,38,100,37.9,ACTIVE
351,21:16:49,8272,141,2296.7,2270.6,38,100,37.9,ACTIVE
354,21:16:52,8272,141,2296.4,2264.7,38,100,37.9,ACTIVE
356,21:16:54,8272,150,551.5,540.7,36,100,37.9,ACTIVE
358,21:16:56,8272,148,455.9,446.3,36,100,37.9,ACTIVE
360,21:16:58,8272,148,455.5,435.2,36,100,37.9,ACTIVE
362,21:17:00,8272,141,455.5,430.7,36,100,37.9,ACTIVE
364,21:17:02,8272,140,455.3,426.1,36,100,37.9,ACTIVE
366,21:17:04,8272,146,455.4,421.9,36,100,38.0,ACTIVE
368,21:17:06,8272,380,488.2,448.1,37,100,38.0,ACTIVE
370,21:17:08,8272,167,487.7,443.0,37,100,38.0,ACTIVE
372,21:17:10,8272,143,487.5,449.2,37,100,38.0,ACTIVE
374,21:17:12,8272,151,487.6,445.1,37,100,38.0,ACTIVE
376,21:17:14,8272,141,487.4,440.8,37,100,38.0,ACTIVE
378,21:17:16,8272,145,487.5,436.4,37,100,38.1,ACTIVE
380,21:17:18,8272,148,487.5,431.9,37,100,38.1,ACTIVE
382,21:17:20,8272,141,487.5,427.6,37,100,38.1,ACTIVE
384,21:17:22,8272,125,487.7,457.4,37,100,38.1,ACTIVE
386,21:17:24,8272,137,487.6,452.9,37,100,38.1,ACTIVE
388,21:17:26,8272,141,487.5,448.5,37,100,38.1,ACTIVE
390,21:17:28,8272,146,487.6,444.0,37,100,38.1,ACTIVE
391,21:17:29,8272,140,487.7,439.8,37,100,38.1,ACTIVE
393,21:17:31,8272,131,476.7,430.9,37,100,38.2,ACTIVE
395,21:17:33,8272,96.6,388.4,365.2,37,100,38.2,ACTIVE
397,21:17:35,8272,132,416.9,413.9,37,100,38.2,ACTIVE
399,21:17:37,8272,143,419.5,406.9,37,100,38.2,ACTIVE
401,21:17:39,8272,143,420.0,402.7,37,100,38.2,ACTIVE
403,21:17:41,8272,146,402.7,398.4,37,100,38.2,ACTIVE
405,21:17:43,8272,140,419.4,409.4,37,100,38.2,ACTIVE
407,21:17:45,8272,143,419.4,405.0,37,100,38.2,ACTIVE
409,21:17:47,8272,235,375.9,356.1,38,100,38.2,ACTIVE
411,21:17:49,8272,322,446.0,380.8,38,100,38.2,ACTIVE
413,21:17:51,8272,143,450.1,401.9,38,100,38.3,ACTIVE
415,21:17:53,8272,141,450.0,427.7,38,100,38.3,ACTIVE
417,21:17:55,8272,140,450.2,423.7,37,100,38.3,ACTIVE
419,21:17:57,8272,135,450.0,419.3,37,100,38.3,ACTIVE
421,21:17:59,8272,146,450.2,428.3,37,100,38.3,ACTIVE
423,21:18:01,8272,148,449.9,424.0,37,100,38.3,ACTIVE
425,21:18:03,8272,150,450.0,419.6,37,100,38.3,ACTIVE
426,21:18:04,8272,141,450.1,415.2,37,100,38.3,ACTIVE
428,21:18:06,8272,141,449.7,427.2,37,100,38.3,ACTIVE
430,21:18:08,8272,146,450.0,423.0,37,100,38.3,ACTIVE
432,21:18:10,8272,148,450.1,418.9,37,100,38.3,ACTIVE
434,21:18:12,8272,135,450.2,414.5,37,100,38.4,ACTIVE
436,21:18:14,8272,0.0,378.8,433.2,37,100,38.4,ACTIVE
438,21:18:16,8272,9.6,373.6,428.0,37,100,38.4,ACTIVE
440,21:18:18,8272,13.3,372.7,427.3,37,100,38.4,ACTIVE
442,21:18:20,8272,0.0,372.1,427.1,37,100,38.4,ACTIVE
444,21:18:22,8272,13.3,372.1,427.1,37,100,38.4,ACTIVE
446,21:18:24,8272,0.0,372.2,427.5,37,100,38.4,ACTIVE
448,21:18:26,8272,0.0,372.1,427.4,37,100,38.4,ACTIVE
450,21:18:28,8272,0.0,371.9,427.4,37,100,38.4,ACTIVE
451,21:18:29,8272,19.3,372.0,427.4,37,100,38.4,ACTIVE
453,21:18:31,8272,0.0,372.0,427.3,37,100,38.4,ACTIVE
455,21:18:33,8272,0.0,372.1,427.2,37,100,38.4,ACTIVE
458,21:18:36,8272,0.0,372.1,427.3,37,100,38.4,ACTIVE
460,21:18:38,8272,0.0,372.1,427.3,37,100,38.4,ACTIVE
462,21:18:40,8272,0.0,372.1,427.2,37,100,38.5,ACTIVE
464,21:18:42,8272,0.0,372.0,427.0,37,100,38.5,ACTIVE
466,21:18:44,8272,0.0,372.1,427.1,37,100,38.5,ACTIVE
468,21:18:46,8272,0.0,371.9,426.8,37,100,38.5,ACTIVE
470,21:18:48,8272,0.0,371.8,426.8,37,100,38.5,ACTIVE
472,21:18:50,8272,0.0,372.0,426.9,37,100,38.5,ACTIVE
474,21:18:52,8272,0.0,371.9,426.7,37,100,38.5,ACTIVE
476,21:18:54,8272,0.0,191.6,259.0,36,100,38.5,ACTIVE
478,21:18:56,8272,0.0,191.5,258.8,36,100,38.5,ACTIVE
480,21:18:58,8272,0.0,260.0,258.9,36,100,38.5,ACTIVE
482,21:19:00,8272,136,263.8,255.7,36,100,38.5,ACTIVE
484,21:19:02,8272,150,264.2,251.4,36,100,38.5,ACTIVE
486,21:19:04,8272,145,264.3,247.1,36,100,38.5,ACTIVE
488,21:19:06,8272,141,264.3,242.9,36,100,38.4,ACTIVE
490,21:19:08,8272,141,264.3,238.4,36,100,38.4,ACTIVE
492,21:19:10,8272,141,264.4,257.3,36,100,38.4,ACTIVE
494,21:19:12,8272,146,264.6,252.9,36,100,38.4,ACTIVE
496,21:19:14,8272,141,264.4,248.1,36,100,38.4,ACTIVE
498,21:19:16,8272,141,246.6,243.7,36,100,38.4,ACTIVE
500,21:19:18,8272,148,264.3,256.0,36,100,38.4,ACTIVE
502,21:19:20,8272,140,264.1,251.6,36,100,38.4,ACTIVE
503,21:19:21,8272,137,264.3,257.2,36,100,38.4,ACTIVE
505,21:19:23,8272,141,264.3,252.8,36,100,38.4,ACTIVE
507,21:19:25,8272,0.0,194.8,253.2,36,100,38.4,ACTIVE
509,21:19:27,8272,6.6,183.5,251.1,36,100,38.3,ACTIVE
511,21:19:29,8272,6.2,182.3,251.7,36,100,38.3,ACTIVE
513,21:19:31,8272,0.0,180.9,250.3,36,100,38.3,ACTIVE
516,21:19:34,8272,0.0,180.9,250.3,36,100,38.3,ACTIVE
518,21:19:36,8272,3.2,180.9,250.3,36,100,38.3,ACTIVE
520,21:19:38,8272,6.6,180.9,250.2,36,100,38.3,ACTIVE
522,21:19:40,8272,9.0,181.0,250.4,36,100,38.3,ACTIVE
524,21:19:42,8272,0.0,181.0,250.3,36,100,38.3,ACTIVE
526,21:19:44,8272,6.6,181.0,250.3,36,100,38.3,ACTIVE
528,21:19:46,8272,3.3,181.0,250.3,36,100,38.3,ACTIVE
530,21:19:48,8272,6.4,181.0,250.3,36,100,38.3,ACTIVE
532,21:19:50,8272,3.2,181.0,250.3,36,100,38.3,ACTIVE
534,21:19:52,8272,0.0,181.0,250.2,36,100,38.3,ACTIVE
536,21:19:54,8272,0.0,181.0,250.2,36,100,38.3,ACTIVE
538,21:19:56,8272,0.0,181.0,250.2,36,100,38.3,ACTIVE
540,21:19:58,8272,0.0,181.0,250.2,36,100,38.3,ACTIVE
542,21:20:00,8272,6.4,181.0,250.2,36,100,38.3,ACTIVE
544,21:20:02,8272,0.0,181.0,250.1,36,100,38.3,ACTIVE
