elapsed_s,time,category,event_type,detail
6,21:11:04,UI_EVENT,APP_FOREGROUND,""
6,21:11:04,UI_EVENT,APP_FOREGROUND,""
7,21:11:05,UI_EVENT,LANGUAGE_CHANGE,"lang=HINDI"
7,21:11:05,UI_EVENT,LANGUAGE_CHANGE,"lang=HINDI"
7,21:11:05,MODEL_LIFECYCLE,LOAD_START,"engine=TTS"
7,21:11:05,MODEL_LIFECYCLE,LOAD_START,"engine=TTS"
8,21:11:06,MODEL_LIFECYCLE,LOAD_COMPLETE,"engine=TTS"
8,21:11:06,MODEL_LIFECYCLE,LOAD_COMPLETE,"engine=TTS"
22,21:11:20,SERVICE_STATE,STARTED,""
22,21:11:20,SERVICE_STATE,STARTED,""
22,21:11:20,SERVICE_STATE,RUNNING,""
22,21:11:20,SERVICE_STATE,RUNNING,""
52,21:11:50,UI_EVENT,LANGUAGE_CHANGE,"lang=HINDI"
52,21:11:50,UI_EVENT,LANGUAGE_CHANGE,"lang=HINDI"
65,21:12:03,UI_EVENT,MIC_PRESS,"mode=BROADCAST lang=HINDI"
65,21:12:03,UI_EVENT,MIC_PRESS,"mode=BROADCAST lang=HINDI"
65,21:12:03,MODEL_LIFECYCLE,LOAD_START,"engine=STT"
65,21:12:03,MODEL_LIFECYCLE,LOAD_START,"engine=STT"
65,21:12:03,MODEL_LIFECYCLE,LOAD_COMPLETE,"engine=STT"
65,21:12:03,MODEL_LIFECYCLE,LOAD_COMPLETE,"engine=STT"
73,21:12:11,UI_EVENT,MIC_RELEASE,"mode=BROADCAST"
73,21:12:11,UI_EVENT,MIC_RELEASE,"mode=BROADCAST"
73,21:12:11,UI_EVENT,MSG_SEND,"mode=BROADCAST type=VOICE text='हेलो क्या मेरा आवाज़ आ रहा है' lang=HINDI"
73,21:12:11,UI_EVENT,MSG_SEND,"mode=BROADCAST type=VOICE text='हेलो क्या मेरा आवाज़ आ रहा है' lang=HINDI"
73,21:12:11,UI_EVENT,MSG_SEND,"type=VOICE id=688b532b-7b5f-40fd-91a5-751ef594b02d recipientId=NodeId[BROADCAST]"
73,21:12:11,UI_EVENT,MSG_SEND,"type=VOICE id=688b532b-7b5f-40fd-91a5-751ef594b02d recipientId=NodeId[BROADCAST]"
115,21:12:53,UI_EVENT,MIC_PRESS,"mode=BROADCAST lang=HINDI"
115,21:12:53,UI_EVENT,MIC_PRESS,"mode=BROADCAST lang=HINDI"
119,21:12:57,UI_EVENT,MIC_RELEASE,"mode=BROADCAST"
119,21:12:57,UI_EVENT,MIC_RELEASE,"mode=BROADCAST"
119,21:12:57,UI_EVENT,MSG_SEND,"mode=BROADCAST type=VOICE text='हेलो क्या मेरा आवाज़ आ रहा है' lang=HINDI"
119,21:12:57,UI_EVENT,MSG_SEND,"mode=BROADCAST type=VOICE text='हेलो क्या मेरा आवाज़ आ रहा है' lang=HINDI"
119,21:12:57,UI_EVENT,MSG_SEND,"type=VOICE id=71982b31-0f5f-4b16-8da5-beee724215bc recipientId=NodeId[BROADCAST]"
119,21:12:57,UI_EVENT,MSG_SEND,"type=VOICE id=71982b31-0f5f-4b16-8da5-beee724215bc recipientId=NodeId[BROADCAST]"
164,21:13:42,MODEL_LIFECYCLE,DISPOSE,"engine=STT reason=idle_timeout"
164,21:13:42,MODEL_LIFECYCLE,DISPOSE,"engine=STT reason=idle_timeout"
174,21:13:52,UI_EVENT,MIC_PRESS,"mode=BROADCAST lang=HINDI"
174,21:13:52,UI_EVENT,MIC_PRESS,"mode=BROADCAST lang=HINDI"
174,21:13:52,MODEL_LIFECYCLE,LOAD_START,"engine=STT"
174,21:13:52,MODEL_LIFECYCLE,LOAD_START,"engine=STT"
174,21:13:52,MODEL_LIFECYCLE,LOAD_COMPLETE,"engine=STT"
174,21:13:52,MODEL_LIFECYCLE,LOAD_COMPLETE,"engine=STT"
174,21:13:52,UI_EVENT,MIC_RELEASE,"mode=BROADCAST"
174,21:13:52,UI_EVENT,MIC_RELEASE,"mode=BROADCAST"
175,21:13:53,UI_EVENT,MIC_PRESS,"mode=BROADCAST lang=HINDI"
175,21:13:53,UI_EVENT,MIC_PRESS,"mode=BROADCAST lang=HINDI"
180,21:13:58,UI_EVENT,MIC_RELEASE,"mode=BROADCAST"
180,21:13:58,UI_EVENT,MIC_RELEASE,"mode=BROADCAST"
180,21:13:58,UI_EVENT,MSG_SEND,"mode=BROADCAST type=VOICE text='मेरा आवाज आ रहा है क्या' lang=HINDI"
180,21:13:58,UI_EVENT,MSG_SEND,"mode=BROADCAST type=VOICE text='मेरा आवाज आ रहा है क्या' lang=HINDI"
180,21:13:58,UI_EVENT,MSG_SEND,"type=VOICE id=e92dffde-4ead-48d3-bcdb-25ea6f1f9be0 recipientId=NodeId[BROADCAST]"
180,21:13:58,UI_EVENT,MSG_SEND,"type=VOICE id=e92dffde-4ead-48d3-bcdb-25ea6f1f9be0 recipientId=NodeId[BROADCAST]"
225,21:14:43,MODEL_LIFECYCLE,DISPOSE,"engine=STT reason=idle_timeout"
225,21:14:43,MODEL_LIFECYCLE,DISPOSE,"engine=STT reason=idle_timeout"
282,21:15:40,UI_EVENT,MIC_PRESS,"mode=BROADCAST lang=HINDI"
282,21:15:40,UI_EVENT,MIC_PRESS,"mode=BROADCAST lang=HINDI"
282,21:15:40,MODEL_LIFECYCLE,LOAD_START,"engine=STT"
282,21:15:40,MODEL_LIFECYCLE,LOAD_START,"engine=STT"
282,21:15:40,MODEL_LIFECYCLE,LOAD_COMPLETE,"engine=STT"
282,21:15:40,MODEL_LIFECYCLE,LOAD_COMPLETE,"engine=STT"
286,21:15:44,UI_EVENT,MIC_RELEASE,"mode=BROADCAST"
287,21:15:45,UI_EVENT,MIC_RELEASE,"mode=BROADCAST"
287,21:15:45,UI_EVENT,MSG_SEND,"mode=BROADCAST type=VOICE text='हेलो आवाज़ आ रहा है क्या' lang=HINDI"
287,21:15:45,UI_EVENT,MSG_SEND,"mode=BROADCAST type=VOICE text='हेलो आवाज़ आ रहा है क्या' lang=HINDI"
287,21:15:45,UI_EVENT,MSG_SEND,"type=VOICE id=d3145761-a59a-4aff-a778-1644ef040832 recipientId=NodeId[BROADCAST]"
287,21:15:45,UI_EVENT,MSG_SEND,"type=VOICE id=d3145761-a59a-4aff-a778-1644ef040832 recipientId=NodeId[BROADCAST]"
331,21:16:29,UI_EVENT,MIC_PRESS,"mode=BROADCAST lang=HINDI"
331,21:16:29,UI_EVENT,MIC_PRESS,"mode=BROADCAST lang=HINDI"
335,21:16:33,UI_EVENT,MIC_RELEASE,"mode=BROADCAST"
335,21:16:33,UI_EVENT,MIC_RELEASE,"mode=BROADCAST"
335,21:16:33,UI_EVENT,MSG_SEND,"mode=BROADCAST type=VOICE text='हेलो मेरा आवाज़ आ रहा है क्या' lang=HINDI"
335,21:16:33,UI_EVENT,MSG_SEND,"mode=BROADCAST type=VOICE text='हेलो मेरा आवाज़ आ रहा है क्या' lang=HINDI"
335,21:16:33,UI_EVENT,MSG_SEND,"type=VOICE id=fc2d45d2-68a5-4cbb-b2b1-b43d651cf422 recipientId=NodeId[BROADCAST]"
335,21:16:33,UI_EVENT,MSG_SEND,"type=VOICE id=fc2d45d2-68a5-4cbb-b2b1-b43d651cf422 recipientId=NodeId[BROADCAST]"
363,21:17:01,UI_EVENT,MIC_PRESS,"mode=BROADCAST lang=HINDI"
363,21:17:01,UI_EVENT,MIC_PRESS,"mode=BROADCAST lang=HINDI"
366,21:17:04,UI_EVENT,MIC_RELEASE,"mode=BROADCAST"
366,21:17:04,UI_EVENT,MIC_RELEASE,"mode=BROADCAST"
367,21:17:05,UI_EVENT,MSG_SEND,"mode=BROADCAST type=VOICE text='हाँ आपका आवाज़ अच्छे से आ रहा है' lang=HINDI"
367,21:17:05,UI_EVENT,MSG_SEND,"mode=BROADCAST type=VOICE text='हाँ आपका आवाज़ अच्छे से आ रहा है' lang=HINDI"
367,21:17:05,UI_EVENT,MSG_SEND,"type=VOICE id=39d8e7bd-64de-491f-bcc8-44145d2e3f98 recipientId=NodeId[BROADCAST]"
367,21:17:05,UI_EVENT,MSG_SEND,"type=VOICE id=39d8e7bd-64de-491f-bcc8-44145d2e3f98 recipientId=NodeId[BROADCAST]"
404,21:17:42,UI_EVENT,MIC_PRESS,"mode=BROADCAST lang=HINDI"
404,21:17:42,UI_EVENT,MIC_PRESS,"mode=BROADCAST lang=HINDI"
408,21:17:46,UI_EVENT,MIC_RELEASE,"mode=BROADCAST"
408,21:17:46,UI_EVENT,MIC_RELEASE,"mode=BROADCAST"
408,21:17:46,UI_EVENT,MSG_SEND,"mode=BROADCAST type=VOICE text='क्याँ मेरा आवाज़ आ रहा है' lang=HINDI"
408,21:17:46,UI_EVENT,MSG_SEND,"mode=BROADCAST type=VOICE text='क्याँ मेरा आवाज़ आ रहा है' lang=HINDI"
408,21:17:46,UI_EVENT,MSG_SEND,"type=VOICE id=3ca3b5fc-4dac-4e3a-9cb2-28ffd2a56241 recipientId=NodeId[BROADCAST]"
408,21:17:46,UI_EVENT,MSG_SEND,"type=VOICE id=3ca3b5fc-4dac-4e3a-9cb2-28ffd2a56241 recipientId=NodeId[BROADCAST]"
436,21:18:14,UI_EVENT,APP_BACKGROUND,""
436,21:18:14,UI_EVENT,APP_BACKGROUND,""
453,21:18:31,MODEL_LIFECYCLE,DISPOSE,"engine=STT reason=idle_timeout"
453,21:18:31,MODEL_LIFECYCLE,DISPOSE,"engine=STT reason=idle_timeout"
481,21:18:59,UI_EVENT,APP_FOREGROUND,""
481,21:18:59,UI_EVENT,APP_FOREGROUND,""
508,21:19:26,UI_EVENT,APP_BACKGROUND,""
508,21:19:26,UI_EVENT,APP_BACKGROUND,""
508,21:19:26,UI_EVENT,APP_UI_CLOSED,""
509,21:19:27,UI_EVENT,APP_UI_CLOSED,""
