figure,annotation,timestamp_s,device,event_type,source_file,source_row,evidence_type,calculation,result_value
"Figure 1, 2, 3, 4",Translation Request #1: COLD — Initial,119,Receiver (OnePlus GM1911),TRANSLATION_START / TRANSLATION_END,logs/full-scenario-run-3/receiver_events.csv,"start_s=119, end_s=133",Level 1 (Direct Log) & Level 2 (Measurement),duration = end_s - start_s = 133 - 119 = 14.0s,14.0 s (14000.0 ms)
"Figure 1, 2, 3, 4",Translation Request #2: WARM — Resident,180,Receiver (OnePlus GM1911),TRANSLATION_START / TRANSLATION_END,logs/full-scenario-run-3/receiver_events.csv,"start_s=180, end_s=180",Level 1 (Direct Log) & Level 2 (Measurement),duration = end_s - start_s = 180 - 180 = 0.12s,0.12 s (120.0 ms)
"Figure 1, 2, 3, 4",Translation Request #3: COLD — Reload,287,Receiver (OnePlus GM1911),TRANSLATION_START / TRANSLATION_END,logs/full-scenario-run-3/receiver_events.csv,"start_s=287, end_s=296",Level 1 (Direct Log) & Level 2 (Measurement),duration = end_s - start_s = 296 - 287 = 9.0s,9.0 s (9000.0 ms)
"Figure 1, 2, 4",NLLB Cold Load #1 & Residency (119s - 240s),119,Receiver (OnePlus GM1911),LOAD_START / LOAD_COMPLETE / DISPOSE,logs/full-scenario-run-3/receiver_events.csv,"119s (LOAD_START), 132s (LOAD_COMPLETE), 240s (DISPOSE)",Level 1 (Direct Logged Fact),Load time = 132 - 119 = 13s; Resident time = 240 - 132 = 108s,"13s load, 108s resident"
"Figure 1, 2, 4",NLLB Cold Reload #2 & Residency (287s - 356s),287,Receiver (OnePlus GM1911),LOAD_START / LOAD_COMPLETE / DISPOSE,logs/full-scenario-run-3/receiver_events.csv,"287s (LOAD_START), 295s (LOAD_COMPLETE), 356s (DISPOSE)",Level 1 (Direct Logged Fact),Reload time = 295 - 287 = 8s; Resident time = 356 - 295 = 61s,"8s reload, 61s resident"
"Figure 1, 4",Receiver Pre-Load Base PSS Footprint,2,Receiver (OnePlus GM1911),RESOURCE_SAMPLE,logs/full-scenario-run-3/receiver_resource.csv,elapsed_s=2,Level 2 (Direct Numeric Measurement),Direct sample at t=2s,122.6 MB
"Figure 1, 4",NLLB #1 Peak PSS & Memory Reclamation,182,Receiver (OnePlus GM1911),RESOURCE_SAMPLE,logs/full-scenario-run-3/receiver_resource.csv,"elapsed_s=182 (Peak), elapsed_s=245-280 (Post-Dispose)",Level 3 (Calculated Value),Delta = Peak (2292.1 MB) - Post-Dispose Mean (262.3 MB),2029.8 MB Freed
"Figure 1, 4",NLLB #2 Peak PSS & Memory Reclamation,340,Receiver (OnePlus GM1911),RESOURCE_SAMPLE,logs/full-scenario-run-3/receiver_resource.csv,"elapsed_s=340 (Peak: 2297.9 MB), elapsed_s=360-390 (Post-Dispose)",Level 3 (Calculated Value),Delta = Peak (2297.9 MB) - Post-Dispose Mean (479.6 MB),1818.3 MB Freed
"Figure 1, 2, 4",Translation Toggled OFF & No NLLB on Msg #7,399,Receiver (OnePlus GM1911),TRANSLATION_TOGGLE / MSG_RECEIVE,logs/full-scenario-run-3/receiver_events.csv,"399s (TRANSLATION_TOGGLE enabled=false), 408s (MSG_RECEIVE)",Level 1 & Level 4 (Correlation),No TRANSLATION_START or LOAD_START logged after toggle at t=399s,NLLB engine bypassed on Msg #7
"Figure 1, 2, 4",App Background Window (t=436s - 481s),436,Both Devices,APP_BACKGROUND / APP_FOREGROUND,"logs/full-scenario-run-3/receiver_events.csv, sender_events.csv","436s (APP_BACKGROUND), 481s (APP_FOREGROUND)",Level 1 (Direct Logged Fact),Duration = 481 - 436 = 45s,45s background interval
"Figure 1, 2, 4",App UI Closed & Post-Closure Monitoring (t=508s - 544s),508,Both Devices,APP_UI_CLOSED / RESOURCE_SAMPLE,"logs/full-scenario-run-3/receiver_events.csv, receiver_resource.csv","508s (APP_UI_CLOSED), 509-544s (RESOURCE_SAMPLE PID 8272)",Level 1 (UI Closed) & Level 2 (Active Resource Monitoring),Mean PSS after UI close = 181.2 MB,Active background footprint: 181.2 MB
